date,n,top5
2020-02-03,69,"[{'id': '2330', 'w': 0.6691, 'roic': 20.3}, {'id': '3008', 'w': 0.0464, 'roic': 24.3}, {'id': '2308', 'w': 0.0295, 'roic': 15.5}, {'id': '1216', 'w': 0.0295, 'roic': 17.8}, {'id': '2207', 'w': 0.0255, 'roic': 22.6}]"
2020-03-02,63,"[{'id': '2330', 'w': 0.6995, 'roic': 20.4}, {'id': '3008', 'w': 0.0458, 'roic': 24.2}, {'id': '1216', 'w': 0.0304, 'roic': 17.1}, {'id': '2207', 'w': 0.0261, 'roic': 23.6}, {'id': '6488', 'w': 0.0142, 'roic': 30.8}]"
2020-04-01,63,"[{'id': '2330', 'w': 0.7047, 'roic': 20.4}, {'id': '3008', 'w': 0.045, 'roic': 24.2}, {'id': '1216', 'w': 0.0318, 'roic': 17.1}, {'id': '2207', 'w': 0.0236, 'roic': 23.6}, {'id': '2395', 'w': 0.0135, 'roic': 24.0}]"
2020-05-04,63,"[{'id': '2330', 'w': 0.698, 'roic': 20.4}, {'id': '3008', 'w': 0.0422, 'roic': 24.2}, {'id': '1216', 'w': 0.0304, 'roic': 17.1}, {'id': '2207', 'w': 0.0233, 'roic': 23.6}, {'id': '6488', 'w': 0.0137, 'roic': 30.8}]"
2020-06-01,61,"[{'id': '2330', 'w': 0.6901, 'roic': 22.9}, {'id': '3008', 'w': 0.0437, 'roic': 24.3}, {'id': '1216', 'w': 0.0323, 'roic': 16.5}, {'id': '2207', 'w': 0.0244, 'roic': 25.2}, {'id': '2395', 'w': 0.0146, 'roic': 23.7}]"
2020-07-01,61,"[{'id': '2330', 'w': 0.6894, 'roic': 22.9}, {'id': '3008', 'w': 0.0417, 'roic': 24.3}, {'id': '1216', 'w': 0.0289, 'roic': 16.5}, {'id': '2207', 'w': 0.0287, 'roic': 25.2}, {'id': '2395', 'w': 0.0138, 'roic': 23.7}]"
2020-08-03,61,"[{'id': '2330', 'w': 0.739, 'roic': 22.9}, {'id': '3008', 'w': 0.0309, 'roic': 24.3}, {'id': '1216', 'w': 0.0232, 'roic': 16.5}, {'id': '2207', 'w': 0.0222, 'roic': 25.2}, {'id': '2395', 'w': 0.013, 'roic': 23.7}]"
2020-09-01,69,"[{'id': '2330', 'w': 0.7403, 'roic': 26.8}, {'id': '3008', 'w': 0.028, 'roic': 23.9}, {'id': '1216', 'w': 0.0218, 'roic': 17.6}, {'id': '2207', 'w': 0.0201, 'roic': 26.1}, {'id': '2395', 'w': 0.0122, 'roic': 25.4}]"
2020-10-05,69,"[{'id': '2330', 'w': 0.7455, 'roic': 26.8}, {'id': '3008', 'w': 0.0263, 'roic': 23.9}, {'id': '2207', 'w': 0.0213, 'roic': 26.1}, {'id': '1216', 'w': 0.0208, 'roic': 17.6}, {'id': '2395', 'w': 0.0128, 'roic': 25.4}]"
2020-11-02,69,"[{'id': '2330', 'w': 0.75, 'roic': 26.8}, {'id': '3008', 'w': 0.0242, 'roic': 23.9}, {'id': '2207', 'w': 0.0205, 'roic': 26.1}, {'id': '1216', 'w': 0.0203, 'roic': 17.6}, {'id': '2395', 'w': 0.0128, 'roic': 25.4}]"
2020-12-01,68,"[{'id': '2330', 'w': 0.7486, 'roic': 27.1}, {'id': '3008', 'w': 0.0237, 'roic': 20.3}, {'id': '1216', 'w': 0.0194, 'roic': 18.5}, {'id': '2207', 'w': 0.0191, 'roic': 26.2}, {'id': '6488', 'w': 0.015, 'roic': 29.2}]"
2021-01-04,68,"[{'id': '2330', 'w': 0.7578, 'roic': 27.1}, {'id': '3008', 'w': 0.0219, 'roic': 20.3}, {'id': '1216', 'w': 0.0183, 'roic': 18.5}, {'id': '2207', 'w': 0.0175, 'roic': 26.2}, {'id': '6488', 'w': 0.0162, 'roic': 29.2}]"
2021-02-01,68,"[{'id': '2330', 'w': 0.7797, 'roic': 27.1}, {'id': '3008', 'w': 0.0173, 'roic': 20.3}, {'id': '1216', 'w': 0.0166, 'roic': 18.5}, {'id': '2207', 'w': 0.0141, 'roic': 26.2}, {'id': '6488', 'w': 0.0133, 'roic': 29.2}]"
2021-03-02,72,"[{'id': '2330', 'w': 0.7317, 'roic': 27.6}, {'id': '2308', 'w': 0.0342, 'roic': 15.5}, {'id': '3008', 'w': 0.0185, 'roic': 18.4}, {'id': '1216', 'w': 0.0156, 'roic': 18.1}, {'id': '6488', 'w': 0.0143, 'roic': 29.4}]"
2021-04-01,72,"[{'id': '2330', 'w': 0.7213, 'roic': 27.6}, {'id': '2308', 'w': 0.0349, 'roic': 15.5}, {'id': '3008', 'w': 0.0175, 'roic': 18.4}, {'id': '1216', 'w': 0.0166, 'roic': 18.1}, {'id': '6488', 'w': 0.0146, 'roic': 29.4}]"
2021-05-03,71,"[{'id': '2330', 'w': 0.7053, 'roic': 27.6}, {'id': '2308', 'w': 0.0362, 'roic': 15.5}, {'id': '1216', 'w': 0.017, 'roic': 18.1}, {'id': '3008', 'w': 0.0166, 'roic': 18.4}, {'id': '6488', 'w': 0.0161, 'roic': 29.4}]"
2021-06-01,92,"[{'id': '2330', 'w': 0.6487, 'roic': 27.4}, {'id': '2454', 'w': 0.0504, 'roic': 16.6}, {'id': '2308', 'w': 0.0317, 'roic': 17.9}, {'id': '1216', 'w': 0.0153, 'roic': 18.9}, {'id': '3008', 'w': 0.0153, 'roic': 17.3}]"
2021-07-01,92,"[{'id': '2330', 'w': 0.6335, 'roic': 27.4}, {'id': '2454', 'w': 0.0483, 'roic': 16.6}, {'id': '2308', 'w': 0.0312, 'roic': 17.9}, {'id': '2615', 'w': 0.02, 'roic': 33.7}, {'id': '6488', 'w': 0.0153, 'roic': 31.8}]"
2021-08-02,92,"[{'id': '2330', 'w': 0.6362, 'roic': 27.4}, {'id': '2454', 'w': 0.0496, 'roic': 16.6}, {'id': '2308', 'w': 0.0309, 'roic': 17.9}, {'id': '1216', 'w': 0.0153, 'roic': 18.9}, {'id': '6488', 'w': 0.015, 'roic': 31.8}]"
2021-09-01,106,"[{'id': '2330', 'w': 0.5593, 'roic': 26.3}, {'id': '2454', 'w': 0.0417, 'roic': 23.0}, {'id': '6505', 'w': 0.0312, 'roic': 17.8}, {'id': '2308', 'w': 0.0248, 'roic': 18.6}, {'id': '2303', 'w': 0.0235, 'roic': 15.0}]"
2021-10-01,106,"[{'id': '2330', 'w': 0.5545, 'roic': 26.3}, {'id': '2454', 'w': 0.0421, 'roic': 23.0}, {'id': '6505', 'w': 0.0329, 'roic': 17.8}, {'id': '2303', 'w': 0.0242, 'roic': 15.0}, {'id': '1301', 'w': 0.0241, 'roic': 15.5}]"
2021-11-01,106,"[{'id': '2330', 'w': 0.5525, 'roic': 26.3}, {'id': '2454', 'w': 0.0426, 'roic': 23.0}, {'id': '6505', 'w': 0.0335, 'roic': 17.8}, {'id': '2308', 'w': 0.024, 'roic': 18.6}, {'id': '1301', 'w': 0.0227, 'roic': 15.5}]"
2021-12-01,108,"[{'id': '2330', 'w': 0.5436, 'roic': 25.2}, {'id': '2454', 'w': 0.0476, 'roic': 26.2}, {'id': '6505', 'w': 0.0309, 'roic': 15.2}, {'id': '2303', 'w': 0.0243, 'roic': 17.3}, {'id': '2308', 'w': 0.0232, 'roic': 15.6}]"
2022-01-03,107,"[{'id': '2330', 'w': 0.5466, 'roic': 25.2}, {'id': '2454', 'w': 0.0489, 'roic': 26.2}, {'id': '6505', 'w': 0.0291, 'roic': 15.2}, {'id': '2308', 'w': 0.0242, 'roic': 15.6}, {'id': '2303', 'w': 0.022, 'roic': 17.3}]"
2022-02-07,108,"[{'id': '2330', 'w': 0.5622, 'roic': 25.2}, {'id': '2454', 'w': 0.0478, 'roic': 26.2}, {'id': '6505', 'w': 0.0303, 'roic': 15.2}, {'id': '2308', 'w': 0.0238, 'roic': 15.6}, {'id': '1303', 'w': 0.0219, 'roic': 18.1}]"
2022-03-01,109,"[{'id': '2330', 'w': 0.5648, 'roic': 24.4}, {'id': '2454', 'w': 0.0505, 'roic': 27.8}, {'id': '1303', 'w': 0.0233, 'roic': 18.6}, {'id': '1301', 'w': 0.0228, 'roic': 17.5}, {'id': '2303', 'w': 0.0202, 'roic': 19.0}]"
2022-04-01,108,"[{'id': '2330', 'w': 0.5715, 'roic': 24.4}, {'id': '2454', 'w': 0.0426, 'roic': 27.8}, {'id': '1303', 'w': 0.025, 'roic': 18.6}, {'id': '1301', 'w': 0.0233, 'roic': 17.5}, {'id': '2002', 'w': 0.0208, 'roic': 15.6}]"
2022-05-03,108,"[{'id': '2330', 'w': 0.567, 'roic': 24.4}, {'id': '2454', 'w': 0.0428, 'roic': 27.8}, {'id': '1303', 'w': 0.0255, 'roic': 18.6}, {'id': '1301', 'w': 0.0254, 'roic': 17.5}, {'id': '2002', 'w': 0.0211, 'roic': 15.6}]"
2022-06-01,111,"[{'id': '2330', 'w': 0.56, 'roic': 25.6}, {'id': '2454', 'w': 0.0451, 'roic': 27.6}, {'id': '1301', 'w': 0.0244, 'roic': 16.8}, {'id': '1303', 'w': 0.0238, 'roic': 17.4}, {'id': '2303', 'w': 0.0208, 'roic': 20.7}]"
2022-07-01,111,"[{'id': '2330', 'w': 0.556, 'roic': 25.6}, {'id': '2454', 'w': 0.0401, 'roic': 27.6}, {'id': '1301', 'w': 0.0296, 'roic': 16.8}, {'id': '1303', 'w': 0.0278, 'roic': 17.4}, {'id': '2303', 'w': 0.0197, 'roic': 20.7}]"
2022-08-01,111,"[{'id': '2330', 'w': 0.5683, 'roic': 25.6}, {'id': '2454', 'w': 0.0418, 'roic': 27.6}, {'id': '1301', 'w': 0.0252, 'roic': 16.8}, {'id': '1303', 'w': 0.0233, 'roic': 17.4}, {'id': '2002', 'w': 0.0195, 'roic': 15.6}]"
2022-09-01,115,"[{'id': '2330', 'w': 0.58, 'roic': 27.0}, {'id': '2454', 'w': 0.0409, 'roic': 32.8}, {'id': '1301', 'w': 0.0257, 'roic': 18.4}, {'id': '1303', 'w': 0.0242, 'roic': 16.5}, {'id': '2303', 'w': 0.0202, 'roic': 24.2}]"
2022-10-03,117,"[{'id': '2330', 'w': 0.5635, 'roic': 27.0}, {'id': '2454', 'w': 0.0393, 'roic': 32.8}, {'id': '1301', 'w': 0.0281, 'roic': 18.4}, {'id': '1303', 'w': 0.0275, 'roic': 16.5}, {'id': '2303', 'w': 0.02, 'roic': 24.2}]"
2022-11-01,116,"[{'id': '2330', 'w': 0.5461, 'roic': 27.0}, {'id': '2454', 'w': 0.0444, 'roic': 32.8}, {'id': '1303', 'w': 0.0288, 'roic': 16.5}, {'id': '1301', 'w': 0.0279, 'roic': 18.4}, {'id': '2303', 'w': 0.0228, 'roic': 24.2}]"
2022-12-01,115,"[{'id': '2330', 'w': 0.5811, 'roic': 29.0}, {'id': '2454', 'w': 0.0459, 'roic': 31.6}, {'id': '2308', 'w': 0.0355, 'roic': 16.0}, {'id': '2303', 'w': 0.0223, 'roic': 25.4}, {'id': '1216', 'w': 0.0154, 'roic': 15.5}]"
2023-01-03,116,"[{'id': '2330', 'w': 0.5721, 'roic': 29.0}, {'id': '2454', 'w': 0.0429, 'roic': 31.6}, {'id': '2308', 'w': 0.0358, 'roic': 16.0}, {'id': '2303', 'w': 0.0218, 'roic': 25.4}, {'id': '1216', 'w': 0.0168, 'roic': 15.5}]"
2023-02-01,116,"[{'id': '2330', 'w': 0.5931, 'roic': 29.0}, {'id': '2454', 'w': 0.0428, 'roic': 31.6}, {'id': '2308', 'w': 0.0327, 'roic': 16.0}, {'id': '2303', 'w': 0.023, 'roic': 25.4}, {'id': '1216', 'w': 0.015, 'roic': 15.5}]"
2023-03-01,98,"[{'id': '2330', 'w': 0.6111, 'roic': 31.0}, {'id': '2454', 'w': 0.0489, 'roic': 27.2}, {'id': '2308', 'w': 0.0336, 'roic': 17.2}, {'id': '2303', 'w': 0.0251, 'roic': 25.3}, {'id': '2382', 'w': 0.0122, 'roic': 16.6}]"
2023-04-06,99,"[{'id': '2330', 'w': 0.6113, 'roic': 31.0}, {'id': '2454', 'w': 0.0456, 'roic': 27.2}, {'id': '2308', 'w': 0.0335, 'roic': 17.2}, {'id': '2303', 'w': 0.0253, 'roic': 25.3}, {'id': '2382', 'w': 0.0135, 'roic': 16.6}]"
2023-05-02,98,"[{'id': '2330', 'w': 0.6012, 'roic': 31.0}, {'id': '2454', 'w': 0.0423, 'roic': 27.2}, {'id': '2308', 'w': 0.0353, 'roic': 17.2}, {'id': '2303', 'w': 0.0248, 'roic': 25.3}, {'id': '2382', 'w': 0.015, 'roic': 16.6}]"
2023-06-01,88,"[{'id': '2330', 'w': 0.6286, 'roic': 29.7}, {'id': '2454', 'w': 0.0448, 'roic': 25.8}, {'id': '2308', 'w': 0.0356, 'roic': 17.1}, {'id': '2303', 'w': 0.0241, 'roic': 22.7}, {'id': '2382', 'w': 0.0183, 'roic': 17.1}]"
2023-07-03,88,"[{'id': '2330', 'w': 0.6189, 'roic': 29.7}, {'id': '2454', 'w': 0.0427, 'roic': 25.8}, {'id': '2308', 'w': 0.0391, 'roic': 17.1}, {'id': '2382', 'w': 0.0238, 'roic': 17.1}, {'id': '2303', 'w': 0.0229, 'roic': 22.7}]"
2023-08-01,88,"[{'id': '2330', 'w': 0.5976, 'roic': 29.7}, {'id': '2454', 'w': 0.0435, 'roic': 25.8}, {'id': '2308', 'w': 0.0397, 'roic': 17.1}, {'id': '2382', 'w': 0.0347, 'roic': 17.1}, {'id': '2303', 'w': 0.022, 'roic': 22.7}]"
2023-09-01,79,"[{'id': '2330', 'w': 0.6038, 'roic': 26.3}, {'id': '2454', 'w': 0.0453, 'roic': 21.9}, {'id': '2308', 'w': 0.0385, 'roic': 18.1}, {'id': '2382', 'w': 0.0368, 'roic': 21.2}, {'id': '2303', 'w': 0.0224, 'roic': 22.8}]"
2023-10-02,79,"[{'id': '2330', 'w': 0.5906, 'roic': 26.3}, {'id': '2454', 'w': 0.0475, 'roic': 21.9}, {'id': '2382', 'w': 0.0389, 'roic': 21.2}, {'id': '2308', 'w': 0.0373, 'roic': 18.1}, {'id': '2303', 'w': 0.0223, 'roic': 22.8}]"
2023-11-01,80,"[{'id': '2330', 'w': 0.6025, 'roic': 26.3}, {'id': '2454', 'w': 0.0556, 'roic': 21.9}, {'id': '2308', 'w': 0.0329, 'roic': 18.1}, {'id': '2382', 'w': 0.0301, 'roic': 21.2}, {'id': '2303', 'w': 0.0236, 'roic': 22.8}]"
2023-12-01,68,"[{'id': '2330', 'w': 0.6096, 'roic': 22.8}, {'id': '2454', 'w': 0.0574, 'roic': 17.1}, {'id': '2308', 'w': 0.0338, 'roic': 15.3}, {'id': '2382', 'w': 0.0291, 'roic': 21.7}, {'id': '2303', 'w': 0.0231, 'roic': 17.7}]"
2024-01-02,69,"[{'id': '2330', 'w': 0.6116, 'roic': 22.8}, {'id': '2454', 'w': 0.0579, 'roic': 17.1}, {'id': '2308', 'w': 0.0319, 'roic': 15.3}, {'id': '2382', 'w': 0.0303, 'roic': 21.7}, {'id': '2303', 'w': 0.0235, 'roic': 17.7}]"
2024-02-01,68,"[{'id': '2330', 'w': 0.6221, 'roic': 22.8}, {'id': '2454', 'w': 0.0541, 'roic': 17.1}, {'id': '2382', 'w': 0.033, 'roic': 21.7}, {'id': '2308', 'w': 0.0282, 'roic': 15.3}, {'id': '2303', 'w': 0.0214, 'roic': 17.7}]"
2024-03-01,65,"[{'id': '2330', 'w': 0.6471, 'roic': 20.5}, {'id': '2454', 'w': 0.061, 'roic': 19.1}, {'id': '2382', 'w': 0.0306, 'roic': 22.1}, {'id': '2308', 'w': 0.0275, 'roic': 16.1}, {'id': '2303', 'w': 0.0199, 'roic': 15.8}]"
2024-04-01,65,"[{'id': '2330', 'w': 0.6648, 'roic': 20.5}, {'id': '2454', 'w': 0.0586, 'roic': 19.1}, {'id': '2382', 'w': 0.0333, 'roic': 22.1}, {'id': '2308', 'w': 0.0287, 'roic': 16.1}, {'id': '2303', 'w': 0.0195, 'roic': 15.8}]"
2024-05-02,65,"[{'id': '2330', 'w': 0.6775, 'roic': 20.5}, {'id': '2454', 'w': 0.0513, 'roic': 19.1}, {'id': '2382', 'w': 0.0323, 'roic': 22.1}, {'id': '2308', 'w': 0.027, 'roic': 16.1}, {'id': '2303', 'w': 0.0193, 'roic': 15.8}]"
2024-06-03,73,"[{'id': '2330', 'w': 0.6814, 'roic': 20.1}, {'id': '2454', 'w': 0.0598, 'roic': 26.1}, {'id': '2382', 'w': 0.0321, 'roic': 27.8}, {'id': '2308', 'w': 0.027, 'roic': 15.1}, {'id': '6669', 'w': 0.0134, 'roic': 24.5}]"
2024-07-01,73,"[{'id': '2330', 'w': 0.6955, 'roic': 20.1}, {'id': '2454', 'w': 0.0592, 'roic': 26.1}, {'id': '2382', 'w': 0.0312, 'roic': 27.8}, {'id': '2308', 'w': 0.0283, 'roic': 15.1}, {'id': '6669', 'w': 0.0123, 'roic': 24.5}]"
2024-08-01,73,"[{'id': '2330', 'w': 0.7054, 'roic': 20.1}, {'id': '2454', 'w': 0.0516, 'roic': 26.1}, {'id': '2308', 'w': 0.0314, 'roic': 15.1}, {'id': '2382', 'w': 0.0298, 'roic': 27.8}, {'id': '6669', 'w': 0.0103, 'roic': 24.5}]"
2024-09-02,76,"[{'id': '2330', 'w': 0.6981, 'roic': 20.8}, {'id': '2454', 'w': 0.0537, 'roic': 27.2}, {'id': '2308', 'w': 0.0293, 'roic': 15.1}, {'id': '2382', 'w': 0.0276, 'roic': 28.4}, {'id': '2207', 'w': 0.0099, 'roic': 35.9}]"
2024-10-01,76,"[{'id': '2330', 'w': 0.7061, 'roic': 20.8}, {'id': '2454', 'w': 0.0522, 'roic': 27.2}, {'id': '2308', 'w': 0.0281, 'roic': 15.1}, {'id': '2382', 'w': 0.0272, 'roic': 28.4}, {'id': '2207', 'w': 0.0103, 'roic': 35.9}]"
2024-11-01,76,"[{'id': '2330', 'w': 0.7103, 'roic': 20.8}, {'id': '2454', 'w': 0.0531, 'roic': 27.2}, {'id': '2382', 'w': 0.0296, 'roic': 28.4}, {'id': '2308', 'w': 0.0272, 'roic': 15.1}, {'id': '2207', 'w': 0.009, 'roic': 35.9}]"
2024-12-02,68,"[{'id': '2330', 'w': 0.7248, 'roic': 22.5}, {'id': '2454', 'w': 0.0545, 'roic': 27.0}, {'id': '2382', 'w': 0.0287, 'roic': 26.1}, {'id': '2308', 'w': 0.0273, 'roic': 16.9}, {'id': '2345', 'w': 0.0107, 'roic': 38.4}]"
2025-01-02,68,"[{'id': '2330', 'w': 0.7247, 'roic': 22.5}, {'id': '2454', 'w': 0.0555, 'roic': 27.0}, {'id': '2308', 'w': 0.0284, 'roic': 16.9}, {'id': '2382', 'w': 0.0266, 'roic': 26.1}, {'id': '6669', 'w': 0.012, 'roic': 24.7}]"
2025-02-03,67,"[{'id': '2330', 'w': 0.7288, 'roic': 22.5}, {'id': '2454', 'w': 0.0617, 'roic': 27.0}, {'id': '2308', 'w': 0.0272, 'roic': 16.9}, {'id': '2382', 'w': 0.0231, 'roic': 26.1}, {'id': '2345', 'w': 0.0105, 'roic': 38.4}]"
2025-03-03,75,"[{'id': '2330', 'w': 0.7124, 'roic': 24.4}, {'id': '2454', 'w': 0.062, 'roic': 28.0}, {'id': '2382', 'w': 0.0244, 'roic': 25.9}, {'id': '2345', 'w': 0.0099, 'roic': 39.8}, {'id': '3008', 'w': 0.0093, 'roic': 15.0}]"
2025-04-01,75,"[{'id': '2330', 'w': 0.7107, 'roic': 24.4}, {'id': '2454', 'w': 0.0661, 'roic': 28.0}, {'id': '2382', 'w': 0.0244, 'roic': 25.9}, {'id': '2345', 'w': 0.0096, 'roic': 39.8}, {'id': '2395', 'w': 0.0094, 'roic': 17.8}]"
2025-05-02,75,"[{'id': '2330', 'w': 0.7181, 'roic': 24.4}, {'id': '2454', 'w': 0.0591, 'roic': 28.0}, {'id': '2382', 'w': 0.0263, 'roic': 25.9}, {'id': '6669', 'w': 0.0107, 'roic': 28.3}, {'id': '2345', 'w': 0.0101, 'roic': 39.8}]"
2025-06-02,74,"[{'id': '2330', 'w': 0.6826, 'roic': 25.8}, {'id': '2454', 'w': 0.0546, 'roic': 27.8}, {'id': '2382', 'w': 0.0271, 'roic': 33.2}, {'id': '2308', 'w': 0.0264, 'roic': 16.2}, {'id': '6669', 'w': 0.012, 'roic': 31.6}]"
2025-07-01,74,"[{'id': '2330', 'w': 0.7006, 'roic': 25.8}, {'id': '2454', 'w': 0.0493, 'roic': 27.8}, {'id': '2308', 'w': 0.0279, 'roic': 16.2}, {'id': '2382', 'w': 0.0263, 'roic': 33.2}, {'id': '2357', 'w': 0.0115, 'roic': 15.4}]"
2025-08-04,74,"[{'id': '2330', 'w': 0.6934, 'roic': 25.8}, {'id': '2454', 'w': 0.0496, 'roic': 27.8}, {'id': '2308', 'w': 0.0366, 'roic': 16.2}, {'id': '2382', 'w': 0.0248, 'roic': 33.2}, {'id': '2345', 'w': 0.0118, 'roic': 45.3}]"
2025-09-01,71,"[{'id': '2330', 'w': 0.6892, 'roic': 28.5}, {'id': '2454', 'w': 0.0491, 'roic': 28.2}, {'id': '2308', 'w': 0.0411, 'roic': 18.2}, {'id': '2382', 'w': 0.0219, 'roic': 34.0}, {'id': '2345', 'w': 0.0121, 'roic': 49.4}]"
2025-10-01,71,"[{'id': '2330', 'w': 0.7031, 'roic': 28.5}, {'id': '2308', 'w': 0.0465, 'roic': 18.2}, {'id': '2454', 'w': 0.0415, 'roic': 28.2}, {'id': '2382', 'w': 0.0219, 'roic': 34.0}, {'id': '6669', 'w': 0.0123, 'roic': 42.5}]"
2025-11-03,71,"[{'id': '2330', 'w': 0.7141, 'roic': 28.5}, {'id': '2308', 'w': 0.0468, 'roic': 18.2}, {'id': '2454', 'w': 0.0374, 'roic': 28.2}, {'id': '2382', 'w': 0.0203, 'roic': 34.0}, {'id': '6669', 'w': 0.0143, 'roic': 42.5}]"
2025-12-01,71,"[{'id': '2330', 'w': 0.7107, 'roic': 29.2}, {'id': '2308', 'w': 0.0493, 'roic': 18.5}, {'id': '2454', 'w': 0.0443, 'roic': 25.6}, {'id': '2382', 'w': 0.0209, 'roic': 29.1}, {'id': '6669', 'w': 0.0157, 'roic': 37.0}]"
2026-01-02,71,"[{'id': '2330', 'w': 0.7301, 'roic': 29.2}, {'id': '2308', 'w': 0.0459, 'roic': 18.5}, {'id': '2454', 'w': 0.0411, 'roic': 25.6}, {'id': '2382', 'w': 0.0183, 'roic': 29.1}, {'id': '6669', 'w': 0.0145, 'roic': 37.0}]"
2026-02-02,71,"[{'id': '2330', 'w': 0.7391, 'roic': 29.2}, {'id': '2308', 'w': 0.0493, 'roic': 18.5}, {'id': '2454', 'w': 0.0442, 'roic': 25.6}, {'id': '2382', 'w': 0.0164, 'roic': 29.1}, {'id': '6669', 'w': 0.0106, 'roic': 37.0}]"
2026-03-02,72,"[{'id': '2330', 'w': 0.7285, 'roic': 29.7}, {'id': '2308', 'w': 0.0527, 'roic': 22.2}, {'id': '2454', 'w': 0.0433, 'roic': 26.6}, {'id': '2382', 'w': 0.016, 'roic': 26.4}, {'id': '2383', 'w': 0.0122, 'roic': 28.6}]"
2026-04-01,72,"[{'id': '2330', 'w': 0.7227, 'roic': 29.7}, {'id': '2308', 'w': 0.0574, 'roic': 22.2}, {'id': '2454', 'w': 0.0352, 'roic': 26.6}, {'id': '2382', 'w': 0.0162, 'roic': 26.4}, {'id': '2383', 'w': 0.0154, 'roic': 28.6}]"
2026-05-04,72,"[{'id': '2330', 'w': 0.6929, 'roic': 29.7}, {'id': '2308', 'w': 0.0676, 'roic': 22.2}, {'id': '2454', 'w': 0.0539, 'roic': 26.6}, {'id': '2383', 'w': 0.0201, 'roic': 28.6}, {'id': '2345', 'w': 0.0164, 'roic': 55.8}]"
2026-06-01,82,"[{'id': '2330', 'w': 0.6534, 'roic': 31.2}, {'id': '2454', 'w': 0.0779, 'roic': 25.9}, {'id': '2308', 'w': 0.0671, 'roic': 24.0}, {'id': '2383', 'w': 0.0195, 'roic': 31.9}, {'id': '2345', 'w': 0.015, 'roic': 54.9}]"
2026-07-01,82,"[{'id': '2330', 'w': 0.6742, 'roic': 31.2}, {'id': '2454', 'w': 0.0717, 'roic': 25.9}, {'id': '2308', 'w': 0.0536, 'roic': 24.0}, {'id': '2383', 'w': 0.0206, 'roic': 31.9}, {'id': '2345', 'w': 0.0154, 'roic': 54.9}]"
