stock_id,name,industry,market,market_cap,price
6505,台塑化,油電燃氣業,twse,722067797070.9229,75.80000305175781
6446,藥華藥,生技醫療業,twse,579200896400.0,1400.0
6488,環球晶,半導體業,tpex,449905015225.0,941.0
6515,穎崴,電子工業,twse,233246604800.0,6400.0
6415,矽力*-KY,半導體業,twse,173011261500.0,445.5
6531,愛普*,電子工業,twse,144060567000.0,883.0
6442,光聖,電子工業,twse,122381250000.0,1525.0
6187,萬潤,其他電子類,tpex,116350945560.0,1195.0
6285,啟碁,通信網路業,twse,113850440044.5,235.5
8464,億豐,其他,twse,108857004300.0,371.5
6526,達發,半導體業,twse,95813176888.0,572.0
9105,泰金寶-DR,存託憑證,twse,87989024634.29195,8.420000076293945
6409,旭隼,其他電子業,twse,87811735000.0,995.0
6510,精測,半導體業,tpex,87261850000.0,2650.0
3450,聯鈞,其他電子業,twse,80270231000.0,551.0
5904,寶雅,貿易百貨,tpex,79300650370.0,74.5
6949,沛爾生醫-創,創新版股票,twse,75698757750.0,1155.0
9904,寶成,其他,twse,73669675000.0,25.0
9910,豐泰,其他,twse,69518784994.77905,70.4000015258789
8454,富邦媒,貿易百貨,twse,66376306387.5,250.5
3131,弘塑,其他電子類,tpex,65047290000.0,2310.0
6548,長科*,半導體業,tpex,63782110961.55167,69.0999984741211
6414,樺漢,電子工業,twse,58527250725.0,395.0
6472,保瑞,生技醫療業,twse,58036168645.0,455.0
2867,三商壽,金融保險,twse,57225159001.55948,9.699999809265137
2258,鴻華先進-創,創新版股票,twse,55818403200.0,32.0
6451,訊芯-KY,電子工業,twse,44380648400.0,418.0
6584,南俊國際,電子零組件業,tpex,41958980280.0,588.0
9921,巨大,其他,twse,41716987500.0,107.5
5903,全家,貿易百貨,tpex,41518920000.0,186.0
1736,喬山,化學生技醫療,twse,39896392135.5,131.5
6592,和潤企業,其他,twse,39473467869.0,61.5
8932,智通*,其他,tpex,37537886000.0,106.0
6670,復盛應用,其他,twse,37425402250.5,268.5
6176,瑞儀,光電業,twse,37325854580.21267,108.4000015258789
8422,可寧衛,其他,twse,36445975717.803955,26.850000381469727
6290,良維,電子零組件業,tpex,35880975000.0,211.5
5314,世紀*,半導體業,tpex,31289960000.0,26.0
6412,群電,電子工業,twse,31259991828.0,78.0
6491,晶碩,生技醫療業,twse,28584480000.0,372.0
9914,美利達,其他,twse,26250796112.426758,87.80000305175781
6757,台灣虎航-創,創新版股票,twse,25641773649.406433,55.79999923706055
6561,是方,通信網路業,tpex,24972991065.0,324.5
6605,帝寶,汽車工業,twse,23463020600.0,141.5
2707,晶華,觀光事業,twse,23314749000.0,183.0
6456,GIS-KY,電子工業,twse,22454402400.0,68.0
6291,沛亨,半導體業,tpex,20202000000.0,388.5
6803,崑鼎,其他,tpex,19763239770.0,271.5
2727,王品,觀光事業,twse,19679038387.5,237.5
6449,鈺邦,電子零組件業,twse,19449606996.0,214.0
6579,研揚,電子工業,twse,18600376708.0,148.0
6547,高端疫苗,生技醫療業,tpex,18311319550.815582,55.70000076293945
9911,櫻花,其他,twse,18266362116.0,83.0
6525,捷敏-KY,電子工業,twse,17808486000.0,138.0
2704,國賓,觀光事業,twse,17061935449.5,46.5
5443,均豪,光電業,tpex,16913190000.0,105.0
9930,中聯資源,其他,twse,15931413620.758057,64.0999984741211
4536,拓凱,其他,twse,15621040000.0,172.0
6589,台康生技,生技醫療業,twse,15261090480.207966,51.20000076293945
9802,鈺齊-KY,其他,twse,14370928000.0,71.5
6125,廣運,光電業,tpex,14167910102.609825,54.70000076293945
8462,柏文,觀光餐旅,twse,14107918500.0,175.5
2731,雄獅,觀光事業,twse,13665227000.0,146.5
2340,台亞,光電業,twse,13661481934.066772,31.200000762939453
6535,順藥,生技醫療業,tpex,13549603498.063087,80.9000015258789
8478,東哥遊艇,其他,twse,13438035468.0,143.0
6443,元晶,電子工業,twse,13307075534.732857,25.950000762939453
2723,美食-KY,觀光事業,twse,13175999450.683594,73.19999694824219
6768,志強-KY,其他,twse,13046193389.35852,65.19999694824219
6533,晶心科,電子工業,twse,12662750000.0,250.0
6576,逸達,生技醫療業,tpex,12603243280.0,80.0
2753,八方雲集,觀光事業,twse,12529260000.0,188.0
6829,千附精密,電機機械,tpex,12425490000.0,210.0
6581,鋼聯,其他,twse,12072903500.0,108.5
5306,桂盟,其他,twse,12058273495.87616,95.69999694824219
6438,迅得,電子工業,twse,11837710800.0,144.0
8091,翔名,電子零組件業,tpex,11718007500.0,219.5
6284,佳邦,電子零組件業,tpex,11246505916.0,76.0
6469,大樹,生技醫療業,tpex,11221258008.47477,70.5999984741211
6550,北極星藥業-KY,生技醫療業,twse,10961210428.0,12.25
8499,鼎炫-KY,其他,twse,10908872605.0,265.0
3551,世禾,其他電子類,tpex,10742218860.0,174.0
6854,錼創科技-KY創,創新版股票,twse,10688548145.871185,91.30000305175781
6464,台數科,其他,twse,10580646960.0,79.0
2495,普安,其他電子業,twse,10162438642.406464,37.150001525878906
8341,日友,其他,twse,9957999801.635742,76.5999984741211
6541,泰福-KY,生技醫療業,twse,9791246462.818554,36.95000076293945
6873,泓德能源-創,創新板股票,twse,9643647000.0,69.0
8390,金益鼎,其他,tpex,9515496672.0,99.0
9136,巨騰-DR,存託憑證,twse,9513705048.75,11.25
6435,大中,半導體業,tpex,9402711000.0,251.0
6811,宏碁資訊,資訊服務業,tpex,9367474000.0,226.0
5287,數字,電子商務業,tpex,9348135250.0,155.0
6534,正瀚-創,創新版股票,twse,9303840307.617188,92.30000305175781
6426,統新,通信網路業,twse,9280669000.0,241.0
3708,上緯投控,化學工業,twse,9271880244.0,103.5
2640,大車隊,其他,tpex,9215707500.0,155.5
6462,神盾,半導體業,tpex,9125075400.0,100.0
6509,聚和,化學工業,tpex,9101719453.539215,46.099998474121094
6869,雲豹能源-創,創新板股票,twse,8949934747.575157,67.0999984741211
6585,鼎基,其他,twse,8403562885.5,116.5
8473,山林水,其他,twse,8392038023.727417,46.349998474121094
5236,凌陽創新,半導體業,tpex,8130547149.0,135.5
8938,明安,其他,tpex,7920253915.76004,52.20000076293945
4419,元勝,紡織纖維,tpex,7823794901.25,46.25
6763,綠界科技,電子商務業,tpex,7748047092.178574,42.099998474121094
6208,日揚,電子零組件業,tpex,7698680954.5,81.5
6411,晶焱,半導體業,tpex,7655621845.32827,78.0999984741211
1268,漢來美食,觀光事業,tpex,7600271400.0,180.0
6416,瑞祺電通,電子工業,twse,7408148000.0,101.0
8383,千附,其他電子類,tpex,7366428044.265747,65.30000305175781
6538,倉和,電子零組件業,tpex,7326502500.0,196.5
5278,尚凡,電子商務業,tpex,7154885039.340488,24.399999618530273
3130,一零四,資訊服務業,twse,7086214450.0,213.5
2459,敦吉,電子通路業,twse,7085491438.873291,67.0999984741211
2729,瓦城,觀光事業,tpex,6735239063.0,161.0
2442,新美齊,電腦及週邊設備業,twse,6472117093.83383,19.899999618530273
9943,好樂迪,觀光事業,twse,6458849725.003433,51.599998474121094
2706,第一店,觀光事業,twse,6274974995.36705,12.550000190734863
6163,華電網,通信網路業,tpex,6207852224.731445,42.150001525878906
6499,益安,生技醫療業,tpex,6156000705.5,63.5
2614,東森,貿易百貨,twse,6152580735.116661,18.799999237060547
2601,益航,貿易百貨,twse,6095095025.010515,7.389999866485596
8105,凌巨,電子工業,twse,6093319704.218006,13.800000190734863
6741,91APP*-KY,電子商務業,tpex,6044431336.5,54.5
9924,福興,其他,twse,5796788864.222076,38.45000076293945
8482,商億-KY,其他,twse,5185845889.656067,49.349998474121094
8044,網家,電子商務業,tpex,5152848773.611975,25.399999618530273
3219,倚強股份,半導體業,tpex,5139510898.471069,71.5999984741211
6690,安碁資訊,資訊服務業,tpex,4919954080.0,164.0
6577,勁豐,電腦及週邊設備業,tpex,4846841816.711426,80.69999694824219
2701,萬企,觀光事業,twse,4814657514.175415,10.699999809265137
2755,揚秦,觀光事業,tpex,4792034592.5,102.5
2752,豆府,觀光事業,tpex,4778201119.0,179.0
9934,成霖,其他,twse,4706144136.504736,11.449999809265137
8467,波力-KY,其他,twse,4687399491.312218,96.9000015258789
8438,昶昕,其他,twse,4637221113.449097,66.30000305175781
6417,韋僑,通信網路業,tpex,4629003000.0,109.5
5209,新鼎,資訊服務業,tpex,4622800000.0,162.5
1472,三洋實業,紡織纖維,twse,4597955903.109543,87.5999984741211
6477,安集,電子工業,twse,4580145936.0,37.0
6794,向榮生技-創,創新版股票,twse,4569136794.204712,71.80000305175781
6902,GOGOLOOK-創,創新版股票,twse,4494538422.0,126.5
6603,富強鑫,電機機械,tpex,4483080000.0,27.0
5381,光譜,電子零組件業,tpex,4316329246.787025,24.450000762939453
3054,立萬利,電子工業,twse,4290635442.731861,53.20000076293945
2718,晶悅,觀光事業,tpex,4263425750.0,49.75
8924,大田,其他,tpex,4240279872.1313477,50.599998474121094
6629,泰金-KY,其他,tpex,4239995500.0,110.5
6546,正基,通信網路業,tpex,4204739302.001953,62.900001525878906
6689,伊雲谷,其他電子業,twse,4142579896.54541,61.099998474121094
2748,雲品,觀光事業,twse,4114803261.405945,38.900001525878906
8162,微矽電子-創,創新版股票,twse,4060288095.1690674,59.099998474121094
6568,宏觀,半導體業,tpex,3880762200.0,126.0
5321,美而快,電子零組件業,tpex,3876840306.1466217,72.9000015258789
2254,巨鎧精密-創,創新版股票,twse,3844426451.358795,60.29999923706055
2062,橋椿,其他,twse,3829887934.5082855,19.149999618530273
5706,鳳凰,觀光事業,twse,3819817024.180298,45.599998474121094
6486,互動,通信網路業,tpex,3755903555.3131104,73.80000305175781
6951,青新-創,創新版股票,twse,3733600086.891403,71.80000305175781
6588,東典光電,通信網路業,tpex,3730338687.5,107.5
2241,艾姆勒,電機機械,twse,3671540780.9895477,35.099998474121094
6569,醫揚,生技醫療業,tpex,3653045000.0,93.5
4130,健亞,生技醫療業,tpex,3651225104.33197,26.700000762939453
6596,寬宏藝術,文化創意業,tpex,3625200057.9833984,95.4000015258789
6498,久禾光,光電業,tpex,3622418944.885254,76.30000305175781
9935,慶豐富,其他,twse,3560778751.5,20.25
3669,圓展,光電業,twse,3549544070.892334,38.20000076293945
6165,浪凡,電子零組件業,twse,3539468354.01725,48.099998474121094
6275,元山,其他電子類,tpex,3514730938.7779236,43.79999923706055
2739,寒舍,觀光事業,twse,3482564230.1712036,38.04999923706055
6582,申豐,橡膠工業,twse,3471889881.0043335,32.70000076293945
6612,奈米醫材,生技醫療業,tpex,3451495804.904785,73.19999694824219
1443,立益,紡織纖維,twse,3403876675.0207386,25.149999618530273
1595,川寶,電子零組件業,tpex,3389064758.8272095,62.79999923706055
5604,中連貨,航運業,tpex,3350515331.405182,30.799999237060547
6198,瑞築,半導體業,tpex,3325166724.6159554,19.399999618530273
1598,岱宇,生技醫療業,twse,3317752542.9081573,20.299999237060547
6728,上洋,貿易百貨,tpex,3313200000.0,110.0
2754,亞洲藏壽司,觀光事業,tpex,3290063256.9732666,70.19999694824219
5902,德記,貿易百貨,tpex,3279150072.0977783,34.70000076293945
6516,勤崴國際,資訊服務業,tpex,3232958621.7004013,57.900001525878906
6532,瑞耘,半導體業,tpex,3216538184.43676,85.9000015258789
2722,夏都,觀光事業,twse,3214159784.4298096,22.450000762939453
6492,生華科,生技醫療業,tpex,3161976476.678257,34.79999923706055
5432,新門,光電業,tpex,3123858404.0,151.0
2705,六福,觀光事業,twse,3070573504.0397644,16.049999237060547
8433,弘帆,貿易百貨,tpex,3046890961.369705,55.900001525878906
2745,五福,觀光事業,tpex,3032667196.82312,89.69999694824219
6283,淳安,電子工業,twse,2988743506.0253143,20.350000381469727
6598,ABC-KY,化學生技醫療,twse,2935482371.5553284,28.549999237060547
6425,易發,電機機械,tpex,2927534437.64682,57.599998474121094
3685,元創精密,光電業,tpex,2920365860.710144,36.70000076293945
2732,六角,觀光事業,tpex,2882864265.0,64.5
6292,迅德,電子零組件業,tpex,2870603788.0929565,61.599998474121094
9103,美德醫療-DR,存託憑證,twse,2860784010.0,5.25
6485,點序,半導體業,tpex,2846696527.7252197,60.099998474121094
6609,瀧澤科,電機機械,tpex,2833029489.440918,39.099998474121094
6606,建德工業,電機機械,twse,2829292427.9224396,25.649999618530273
9110,越南控-DR,存託憑證,twse,2822884704.7805786,3.109999895095825
6754,匯僑設計,其他,twse,2798400100.708008,42.400001525878906
6504,南六,其他,twse,2780579944.6105957,38.29999923706055
6530,創威,通信網路業,tpex,2770874948.501587,82.0999984741211
3178,公準,電機機械,tpex,2757060034.3704224,61.20000076293945
2743,山富,觀光事業,tpex,2748052862.7171707,58.70000076293945
2429,銘旺科,電子零組件業,twse,2731725065.2313232,31.950000762939453
1439,雋揚,紡織纖維,twse,2727799964.904785,29.649999618530273
6465,威潤,通信網路業,tpex,2717389510.0,46.0
4905,台聯電,通信網路業,tpex,2621646585.753624,89.5999984741211
6123,上奇,電腦及週邊設備業,tpex,2607248207.6950073,43.099998474121094
6574,霈方,生技醫療業,tpex,2605815000.0,118.5
2916,滿心,貿易百貨,tpex,2601236750.0,40.25
9955,佳龍,其他,twse,2600173222.2651653,24.899999618530273
4747,強生,生技醫療業,tpex,2568548308.0,28.25
6405,悅城,光電業,twse,2566200000.0,39.0
6432,今展科,電子零組件業,tpex,2563626769.5202103,66.0999984741211
6924,榮惠-KY創,創新版股票,twse,2413008000.0,117.0
6423,億而得,半導體業,tpex,2394515153.8085938,79.0999984741211
6558,興能高,電子工業,twse,2311898814.222336,24.649999618530273
3313,斐成,電子零組件業,tpex,2277678501.477931,10.300000190734863
6508,惠光,農業科技業,tpex,2267321866.0240173,26.200000762939453
3521,鴻翊,電腦及週邊設備業,tpex,2257051385.9360657,12.149999618530273
5905,南仁湖,貿易百貨,tpex,2255800294.4583893,8.010000228881836
3512,皇龍,電子零組件業,tpex,2227525814.6673737,19.700000762939453
8171,天宇,通信網路業,tpex,2173323635.2500916,19.450000762939453
7718,友鋮,鋼鐵工業,tpex,2157099447.886322,47.349998474121094
6419,京晨科,光電業,tpex,2144917000.0,163.0
8487,愛爾達-創,創新版股票,twse,2127033439.6770859,70.9000015258789
6597,立誠,電子零組件業,tpex,2114242944.5590973,72.4000015258789
1259,安心,觀光事業,tpex,2105317500.0,65.0
2937,集雅社,貿易百貨,tpex,2100900293.75,48.25
3557,嘉威,其他,twse,2065728157.5,24.5
6552,易華電,電子工業,twse,2062550031.6619873,24.850000381469727
6807,峰源-KY,其他,twse,2052000000.0,38.0
6474,華豫寧,電子通路業,tpex,2045895491.1243095,38.95000076293945
6517,保勝光學,光電業,tpex,2009043688.780136,65.69999694824219
6431,光麗-KY,電子工業,twse,1977196276.190586,20.299999237060547
2702,華園,觀光事業,twse,1965493179.8715591,12.550000190734863
6570,維田,電腦及週邊設備業,tpex,1952468285.3606415,52.599998474121094
6527,明達醫,生技醫療業,tpex,1900657500.0,75.0
3171,新洲,貿易百貨,tpex,1897443954.0,63.0
3687,歐買尬,文化創意業,tpex,1893843000.0,63.0
5450,寶聯通,電腦及週邊設備業,tpex,1866649394.75,15.25
8080,永利聯合,電子零組件業,tpex,1863796032.75,27.75
6542,隆中,文化創意業,tpex,1822476701.2809753,44.45000076293945
6591,動力-KY,電子工業,twse,1762099062.2520447,42.849998474121094
6494,九齊,半導體業,tpex,1729470987.9218674,54.79999923706055
6461,益得,生技醫療業,tpex,1721062663.2854671,15.600000381469727
6556,勝品,光電業,tpex,1696250000.0,59.0
2432,倚天,通信網路業,twse,1691871023.5977173,27.350000381469727
1432,大魯閣,貿易百貨,twse,1625400020.5993652,15.050000190734863
6590,普鴻,資訊服務業,tpex,1604441775.2487946,64.30000305175781
6470,宇智,通信網路業,tpex,1581267523.758316,41.95000076293945
8941,關中,貿易百貨,tpex,1559754313.2368546,44.599998474121094
6969,成信實業*-創,創新版股票,twse,1545969331.5,35.25
2230,泰茂,電機機械,tpex,1541690000.0,23.0
2712,遠雄來,觀光事業,twse,1538249959.9456787,14.649999618530273
2756,聯發國際,觀光事業,tpex,1503164208.0,62.0
8933,愛地雅,其他,tpex,1480061170.1994872,4.53000020980835
2947,振宇五金,貿易百貨,tpex,1472919383.7623062,62.29999923706055
6506,雙邦,化學工業,tpex,1461907750.0,17.75
2719,燦星旅,觀光事業,tpex,1435526500.0,20.75
6195,詩肯,貿易百貨,tpex,1402894388.29422,27.950000762939453
6671,三能-KY,其他,twse,1400287453.6514282,23.049999237060547
6573,虹揚-KY,半導體業,twse,1376538060.708046,17.100000381469727
5704,老爺知,觀光事業,tpex,1371476586.4921188,23.299999237060547
8489,三貝德,文化創意業,tpex,1368032036.3386345,22.850000381469727
8354,冠好,塑膠工業,tpex,1366461346.242319,17.399999618530273
5481,新華,電子零組件業,tpex,1361261500.0,20.5
6771,平和環保-創,創新版股票,twse,1340718500.0,43.0
6578,達邦蛋白,農業科技業,tpex,1327329954.8873901,18.450000762939453
8477,創業家,電子商務業,tpex,1317270108.2914581,15.649999618530273
1456,怡華,紡織纖維,twse,1307393982.1243286,13.949999809265137
3713,新晶投控,光電業,tpex,1303732016.801834,14.800000190734863
1453,大將,紡織纖維,twse,1279653243.9995117,11.300000190734863
1593,祺驊,生技醫療業,tpex,1269141484.823227,31.899999618530273
3522,御頂,觀光事業,tpex,1207513639.7094727,11.600000381469727
8472,夠麻吉,電子商務業,tpex,1198940052.937317,67.5999984741211
8928,鉅明,其他,tpex,1189983580.6007385,23.399999618530273
6441,廣錠,電腦及週邊設備業,tpex,1151668820.339203,21.600000381469727
6418,詠昇,電子零組件業,tpex,1144404352.6763916,33.150001525878906
6496,科懋,生技醫療業,tpex,1124627759.45549,24.200000762939453
5703,亞都,觀光事業,tpex,1064135973.2055664,15.149999618530273
3465,進泰電子,電子零組件業,tpex,1058859508.2611275,29.399999618530273
8087,華鎂鑫,光電業,tpex,1038641331.533104,27.200000762939453
8940,新天地,觀光事業,twse,1032612312.8728867,15.300000190734863
6593,台灣銘板,資訊服務業,tpex,1030573901.3900757,32.349998474121094
6560,欣普羅,光電業,tpex,1026201006.3881207,31.600000381469727
9960,邁達康,貿易百貨,tpex,1019532387.8145218,30.350000381469727
8440,綠電,其他,tpex,1017669764.25,20.25
6806,森崴能源,其他,twse,963996583.4008012,3.509999990463257
6624,萬年清,其他,tpex,955091682.7735901,42.29999923706055
2736,富野,觀光事業,tpex,951669506.4930153,11.899999618530273
8077,洛碁,觀光事業,tpex,944762368.2567596,43.04999923706055
4530,宏易,電機機械,tpex,934248443.5546932,26.100000381469727
4950,金耘國際,其他,tpex,917892779.2780933,15.899999618530273
4712,南璋,食品工業,tpex,904921728.0,11.4
2924,宏太-KY,貿易百貨,tpex,902823474.7501335,17.350000381469727
3073,天方能源,半導體業,tpex,900851408.2554779,22.799999237060547
6804,明係,其他,tpex,873999981.880188,18.399999618530273
