stock_id,name,industry,market_cap,price,roic_3y,roic_latest
7828,創新服務,半導體業,65195196416.0,1610.0,20.84,17.78
7769,鴻勁,電子工業,1152451608576.0,6405.0,19.8,10.34
7769,鴻勁,電子工業,1152451608576.0,6405.0,19.8,10.34
6139,亞翔,電子工業,179508903936.0,762.0,18.02,23.78
6139,亞翔,電子工業,179508903936.0,762.0,18.02,23.78
5274,信驊,半導體業,638298292224.0,15350.0,15.16,18.13
6177,達麗,建材營造,22414204928.0,47.5,13.01,13.53
6442,光聖,電子工業,122381246464.0,1525.0,12.53,
6442,光聖,通信網路業,122381246464.0,1525.0,12.53,
7792,安葆,其他電子類,13765289984.0,295.0,11.66,4.12
7822,倍利科,電子工業,41824780288.0,918.0,10.95,30.12
7822,倍利科,電子工業,41824780288.0,918.0,10.95,30.12
8454,富邦媒,貿易百貨,66376306688.0,250.5,10.67,9.42
8454,富邦媒,數位雲端,66376306688.0,250.5,10.67,9.42
7795,長廣,電子零組件業,44538101760.0,565.0,10.64,
7795,長廣,電子零組件業,44538101760.0,565.0,10.64,
5904,寶雅*,居家生活類,79300648960.0,74.5,9.81,10.48
5904,寶雅,貿易百貨,79300648960.0,74.5,9.81,10.48
5439,高技,電子零組件業,22267693056.0,239.5,8.7,8.7
4967,十銓,電子工業,26698860544.0,276.0,8.47,18.06
4967,十銓,電子工業,26698860544.0,276.0,8.47,18.06
6409,旭隼,其他電子業,87811735552.0,995.0,8.41,5.17
6409,旭隼,其他電子業,87811735552.0,995.0,8.41,5.17
3131,弘塑,其他電子類,65047289856.0,2310.0,8.37,8.37
6757,台灣虎航-創,創新版股票,25641773056.0,55.8,8.31,6.6
6561,是方,通信網路業,24972990464.0,324.5,8.05,8.38
6670,復盛應用,其他,37425401856.0,268.5,8.03,7.69
1736,喬山,化學生技醫療,39896391680.0,131.5,7.86,8.54
1736,喬山,化學生技醫療,39896391680.0,131.5,7.86,8.54
6515,穎崴,電子工業,233246621696.0,6400.0,7.74,7.97
6515,穎崴,電子工業,233246621696.0,6400.0,7.74,7.97
8464,億豐,居家生活,108856999936.0,371.5,7.43,7.08
8464,億豐,其他,108856999936.0,371.5,7.43,7.08
7788,松川精密,電子零組件業,19816878080.0,248.5,7.32,
7788,松川精密,電子零組件業,19816878080.0,248.5,7.32,
5534,長虹,建材營造,25352212480.0,80.4,7.28,5.23
6223,旺矽,半導體業,535467884544.0,5465.0,7.15,7.15
7768,頌勝科技,電子工業,21720150016.0,310.0,6.92,2.81
7768,頌勝科技,電子工業,21720150016.0,310.0,6.92,2.81
3450,聯鈞,其他電子業,80270229504.0,551.0,6.46,6.49
2727,王品,觀光事業,19679039488.0,237.5,6.06,6.76
6138,茂達,半導體業,21009807360.0,282.5,5.98,
5289,宜鼎,電腦及週邊設備業,150324117504.0,1560.0,5.78,10.22
6016,康和證,金融業,15139441664.0,19.6,5.72,5.72
5288,豐祥-KY,電機機械,13312455680.0,191.0,5.72,3.96
6291,沛亨,半導體業,20202000384.0,388.5,5.59,8.59
6146,耕興,其他電子類,19507568640.0,191.5,5.52,5.36
9910,豐泰,其他,69518786560.0,70.4,5.44,5.04
5213,亞昕,建材營造,15442162688.0,21.45,5.25,4.81
9911,櫻花,其他,18266361856.0,83.0,5.24,5.31
8462,柏文,觀光餐旅,14107918336.0,175.5,5.0,8.1
5522,遠雄,建材營造,50178461696.0,64.2,4.89,8.79
5434,崇越,電子通路業,99526107136.0,513.0,4.83,5.63
5434,崇越,電子通路業,99526107136.0,513.0,4.83,5.63
8081,致新,半導體業,22021558272.0,257.0,4.82,5.2
5234,達興材料,電子工業,31071590400.0,302.5,4.78,5.86
5234,達興材料,電子工業,31071590400.0,302.5,4.78,5.86
6581,鋼聯,綠能環保,12072903680.0,108.5,4.78,3.84
5903,全家,貿易百貨,41518919680.0,186.0,4.75,4.32
5903,全家,居家生活類,41518919680.0,186.0,4.75,4.32
6491,晶碩,生技醫療業,28584480768.0,372.0,4.75,3.68
6491,晶碩,生技醫療業,28584480768.0,372.0,4.75,3.68
6187,萬潤,半導體業,116350943232.0,1195.0,4.63,4.63
6187,萬潤,其他電子類,116350943232.0,1195.0,4.63,4.63
6531,愛普*,電子工業,144060563456.0,883.0,4.62,6.21
6531,愛普*,電子工業,144060563456.0,883.0,4.62,6.21
6206,飛捷,電子工業,19814086656.0,138.5,4.62,4.27
6206,飛捷,電子工業,19814086656.0,138.5,4.62,4.27
6414,樺漢,電子工業,58527252480.0,395.0,4.61,5.19
6414,樺漢,電腦及週邊設備業,58527252480.0,395.0,4.61,5.19
6412,群電,電子零組件業,31259992064.0,78.0,4.44,3.03
6412,群電,電子工業,31259992064.0,78.0,4.44,3.03
6183,關貿,電子工業,14039999488.0,93.6,4.44,4.78
5269,祥碩,電子工業,104931704832.0,1415.0,4.31,4.31
5269,祥碩,電子工業,104931704832.0,1415.0,4.31,4.31
4536,拓凱,其他,15621040128.0,172.0,4.22,2.8
4958,臻鼎-KY,電子零組件業,488832172032.0,441.0,4.18,3.14
4958,臻鼎-KY,電子零組件業,488832172032.0,441.0,4.18,3.14
6274,台燿,電子零組件業,431606497280.0,1495.0,4.16,5.07
8064,東捷,光電業,18056701952.0,97.7,3.9,8.22
5388,中磊,電子工業,23258193920.0,77.6,3.89,
5388,中磊,電子工業,23258193920.0,77.6,3.89,
6290,良維,電子零組件業,35880976384.0,211.5,3.85,5.53
6525,捷敏-KY,電子工業,17808486400.0,138.0,3.83,4.19
6525,捷敏-KY,電子工業,17808486400.0,138.0,3.83,4.19
6438,迅得,電子工業,11837711360.0,144.0,3.73,
6239,力成,電子工業,197053071360.0,267.5,3.65,3.0
6239,力成,電子工業,197053071360.0,267.5,3.65,3.0
6803,崑鼎,其他,19763240960.0,271.5,3.57,3.57
6024,群益期,金融保險,16801054720.0,63.0,3.57,4.06
5007,三星,鋼鐵工業,16634616832.0,56.4,3.55,4.23
9937,全國,油電燃氣業,17028269056.0,55.1,3.51,3.31
9930,中聯資源,其他,15931413504.0,64.1,3.49,3.65
6446,藥華藥,生技醫療業,579200876544.0,1400.0,3.46,4.96
6446,藥華藥,生技醫療業,579200876544.0,1400.0,3.46,4.96
6472,保瑞,生技醫療業,58036166656.0,455.0,3.43,1.34
6472,保瑞,生技醫療業,58036166656.0,455.0,3.43,1.34
6605,帝寶,汽車工業,23463020544.0,141.5,3.37,3.92
6469,大樹,生技醫療業,11221257216.0,70.6,3.36,3.36
5864,致和證,金融業,17304025088.0,34.3,3.36,8.2
6196,帆宣,電子工業,108071641088.0,490.5,3.34,4.71
6196,帆宣,電子工業,108071641088.0,490.5,3.34,4.71
8069,元太,光電業,185325879296.0,160.5,3.29,1.51
6584,南俊國際,電子零組件業,41958977536.0,588.0,3.26,4.78
6189,豐藝,電子工業,12690030592.0,48.1,3.24,4.34
6023,元大期,金融業,31185088512.0,82.8,3.2,3.37
5483,中美晶,半導體業,108094210048.0,176.0,3.13,3.42
9933,中鼎,其他,39749701632.0,42.15,3.1,4.68
6285,啟碁,電子工業,113850433536.0,235.5,3.06,
6285,啟碁,通信網路業,113850433536.0,235.5,3.06,
4966,譜瑞-KY,半導體業,43222360064.0,566.0,3.05,2.45
5478,智冠,文化創意業,14832971776.0,99.0,3.01,3.64
6278,台表科,電子工業,53401964544.0,187.0,2.98,2.89
6278,台表科,電子工業,53401964544.0,187.0,2.98,2.89
6005,群益證,金融保險,75254849536.0,30.65,2.95,3.47
6257,矽格,半導體業,95461097472.0,198.5,2.85,4.07
3551,世禾,其他電子類,10742218752.0,174.0,2.85,2.85
6257,矽格,半導體業,95461097472.0,198.5,2.85,4.07
6191,精成科,電子零組件業,40942845952.0,82.0,2.56,2.57
6191,精成科,電子零組件業,40942845952.0,82.0,2.56,2.57
6579,研揚,電子工業,18600376320.0,148.0,2.55,3.05
6579,研揚,電子工業,18600376320.0,148.0,2.55,3.05
6214,精誠,電子工業,48867631104.0,179.5,2.48,3.69
6214,精誠,電子工業,48867631104.0,179.5,2.48,3.69
9802,鈺齊-KY,其他,14370927616.0,71.5,2.48,2.48
6526,達發,電子工業,95813173248.0,572.0,2.45,2.81
6526,達發,電子工業,95813173248.0,572.0,2.45,2.81
8422,可寧衛,其他,36445974528.0,26.85,2.43,1.87
5443,均豪,光電業,16913189888.0,105.0,2.38,1.47
5443,均豪,半導體業,16913189888.0,105.0,2.38,1.47
6488,環球晶,半導體業,449905033216.0,941.0,2.37,1.66
9941,裕融,其他,49159311360.0,85.4,2.37,2.49
9904,寶成,其他,73669672960.0,25.0,2.25,2.79
6592,和潤企業,其他,39473467392.0,61.5,2.21,2.34
5469,瀚宇博,電子零組件業,34355886080.0,70.7,2.17,2.25
5469,瀚宇博,電子零組件業,34355886080.0,70.7,2.17,2.25
5009,榮剛,鋼鐵工業,19288375296.0,35.2,2.02,1.94
5347,世界,半導體業,284568453120.0,151.5,2.0,2.0
8070,長華*,電子通路業,34371424256.0,48.8,1.92,
8070,長華*,電子通路業,34371424256.0,48.8,1.92,
5243,乙盛-KY,光電業,14712574976.0,87.3,1.78,2.14
5243,乙盛-KY,電子工業,14712574976.0,87.3,1.78,2.14
6147,頎邦,半導體業,116526383104.0,156.5,1.77,1.74
6166,凌華,電腦及週邊設備業,25815345152.0,118.5,1.74,2.26
6166,凌華,電腦及週邊設備業,25815345152.0,118.5,1.74,2.26
8926,台汽電,油電燃氣業,47575158784.0,57.3,1.69,2.04
6271,同欣電,電子工業,40243666944.0,192.5,1.51,1.59
6271,同欣電,電子工業,40243666944.0,192.5,1.51,1.59
9939,宏全,其他,39635386368.0,134.0,1.5,1.53
6213,聯茂,電子零組件業,186507296768.0,513.0,1.46,1.88
6213,聯茂,電子零組件業,186507296768.0,513.0,1.46,1.88
6451,訊芯-KY,電子工業,44380647424.0,418.0,1.44,1.15
6451,訊芯-KY,電子工業,44380647424.0,418.0,1.44,1.15
5871,中租-KY,其他,201622519808.0,115.5,1.43,1.49
9940,信義,其他,15510628352.0,21.05,1.36,0.73
6173,信昌電,電子零組件業,36082401280.0,212.0,1.06,
9945,潤泰新,其他,82896707584.0,29.4,0.92,3.04
5607,遠雄港,航運業,20713908224.0,55.9,0.88,1.24
5371,中光電,光電業,33375647744.0,83.5,0.85,0.75
6505,台塑化,油電燃氣業,722067783680.0,75.8,0.78,1.51
8039,台虹,電子零組件業,74392805376.0,282.0,0.65,1.72
8039,台虹,電子零組件業,74392805376.0,282.0,0.65,1.72
6282,康舒,電子零組件業,37885542400.0,44.25,0.61,1.62
6282,康舒,電子工業,37885542400.0,44.25,0.61,1.62
6182,合晶,半導體業,66282401792.0,106.0,0.59,0.86
8027,鈦昇,電機機械,18084700160.0,168.5,0.51,2.01
8937,合騏*,其他,11276854272.0,26.55,0.33,
4991,環宇-KY,半導體業,58293981184.0,481.0,0.13,2.06
8033,雷虎,其他,30538823680.0,185.5,0.09,-1.68
8478,東哥遊艇,其他,13438034944.0,143.0,-0.36,1.96
6533,晶心科,電子工業,12662750208.0,250.0,-0.49,-0.49
6456,GIS-KY,光電業,22454403072.0,68.0,-0.66,-0.36
6456,GIS-KY,電子工業,22454403072.0,68.0,-0.66,-0.36
9921,巨大,其他,41716985856.0,107.5,-0.77,
4960,誠美材,電子工業,11823597568.0,20.9,-1.71,-2.64
2340,台亞,光電業,13661481984.0,31.2,-1.99,-3.24
6269,台郡,電子零組件業,20001134592.0,62.4,-2.16,-2.17
6269,台郡,電子零組件業,20001134592.0,62.4,-2.16,-2.17
5351,鈺創,半導體業,40063066112.0,123.0,-2.67,1.09
6116,彩晶,電子工業,39449440256.0,13.8,-3.36,-2.26
6116,彩晶,電子工業,39449440256.0,13.8,-3.36,-2.26
5475,德宏,電子零組件業,22183663616.0,174.5,-3.49,1.29
4989,榮科,電子工業,10694864896.0,61.9,-3.95,-1.13
4989,榮科,電子工業,10694864896.0,61.9,-3.95,-1.13
9914,美利達,其他,26250797056.0,87.8,-5.11,-1.43
2258,鴻華先進-創,創新版股票,55818403840.0,32.0,-5.81,-9.79
6535,順藥,生技醫療業,13549603840.0,80.9,-6.83,-3.33
2867,三商壽,金融保險,57225158656.0,9.7,-7.53,0.33
6443,元晶,電子工業,13307075584.0,25.95,-12.87,-32.37
6949,沛爾生醫-創,創新版股票,75698757632.0,1155.0,-20.8,-12.86
8046,南電,電子零組件業,733397843968.0,1135.0,,
8046,南電,電子零組件業,733397843968.0,1135.0,,
6415,矽力*-KY,半導體業,173011255296.0,445.5,,
6415,矽力*-KY,半導體業,173011255296.0,445.5,,
5536,聖暉*,其他電子類,109191217152.0,880.0,,
6510,精測,半導體業,87261847552.0,2650.0,,
4979,華星光,通信網路業,82141151232.0,577.0,,
6121,新普,電腦及週邊設備業,71768555520.0,388.0,,
6548,長科*,半導體業,63782113280.0,69.1,,
8021,尖點,電子工業,58393935872.0,397.0,,
8021,尖點,電子工業,58393935872.0,397.0,,
7799,禾榮科,生技醫療業,56730828800.0,358.5,,
7799,禾榮科,生技醫療業,56730828800.0,358.5,,
8028,昇陽半導體,電子工業,44089233408.0,242.5,,
8028,昇陽半導體,電子工業,44089233408.0,242.5,,
8932,智通*,其他,37537886208.0,106.0,,
8932,智通*,數位雲端類,37537886208.0,106.0,,
6197,佳必琪,電子零組件業,35859070976.0,290.5,,
6197,佳必琪,電子零組件業,35859070976.0,290.5,,
8016,矽創,電子工業,34812559360.0,296.0,,
8016,矽創,半導體業,34812559360.0,296.0,,
5314,世紀*,半導體業,31289958400.0,26.0,,
5314,世紀*,其他,31289958400.0,26.0,,
7805,威聯通,數位雲端類,26950500352.0,678.0,,
4971,IET-KY,半導體業,23511617536.0,588.0,,
2707,晶華,觀光事業,23314749440.0,183.0,,
7827,漢康-KY創,生技醫療業,22476462080.0,161.0,,
7827,漢康-KY創,生技醫療業,22476462080.0,161.0,,
7827,漢康-KY創,生技醫療業,22476462080.0,161.0,,
5425,台半,半導體業,21831739392.0,88.2,,
7786,東方風能,綠能環保,21466388480.0,122.0,,
5530,龍巖,其他,21214242816.0,50.5,,
6176,瑞儀,光電業,20995792896.0,81.3,,
6176,瑞儀,光電業,20995792896.0,81.3,,
4961,天鈺,電子工業,19878998016.0,166.0,,
4961,天鈺,電子工業,19878998016.0,166.0,,
6613,朋億*,其他電子類,19644751872.0,252.5,,
6449,鈺邦,電子工業,19449608192.0,214.0,,
6449,鈺邦,電子零組件業,19449608192.0,214.0,,
6188,廣明,電腦及週邊設備業,18928412672.0,68.0,,
6547,高端疫苗,生技醫療業,18311319552.0,55.7,,
5284,jpp-KY,其他,17692372992.0,334.5,,
6217,中探針,電子零組件業,17102552064.0,150.0,,
6589,台康生技,生技醫療業,15261089792.0,51.2,,
6589,台康生技,化學生技醫療,15261089792.0,51.2,,
6576,逸達,生技醫療業,12603243520.0,80.0,,
5515,建國,建材營造,11229120512.0,55.7,,
6550,北極星藥業-KY,化學生技醫療,10961210368.0,12.25,,
8499,鼎炫-KY,其他,10908872704.0,265.0,,
5222,全訊,電子工業,10721552384.0,107.0,,
